[{"model": "admin.logentry", "pk": 1, "fields": {"action_time": "2025-08-15T15:18:05.610Z", "user": 1, "content_type": 7, "object_id": "1", "object_repr": "Matemática - 1", "action_flag": 1, "change_message": "[{\"added\": {}}]"}}, {"model": "admin.logentry", "pk": 2, "fields": {"action_time": "2025-08-15T15:18:31.912Z", "user": 1, "content_type": 7, "object_id": "2", "object_repr": "Matemática - 2", "action_flag": 1, "change_message": "[{\"added\": {}}]"}}, {"model": "admin.logentry", "pk": 3, "fields": {"action_time": "2025-08-15T15:19:01.829Z", "user": 1, "content_type": 7, "object_id": "3", "object_repr": "Matemática - 3", "action_flag": 1, "change_message": "[{\"added\": {}}]"}}, {"model": "admin.logentry", "pk": 4, "fields": {"action_time": "2025-08-17T03:17:30.001Z", "user": 1, "content_type": 7, "object_id": "3", "object_repr": "Matemática - 3", "action_flag": 3, "change_message": ""}}, {"model": "admin.logentry", "pk": 5, "fields": {"action_time": "2025-08-17T03:17:30.001Z", "user": 1, "content_type": 7, "object_id": "2", "object_repr": "Matemática - 2", "action_flag": 3, "change_message": ""}}, {"model": "admin.logentry", "pk": 6, "fields": {"action_time": "2025-08-17T03:17:30.001Z", "user": 1, "content_type": 7, "object_id": "1", "object_repr": "Matemática - 1", "action_flag": 3, "change_message": ""}}, {"model": "admin.logentry", "pk": 7, "fields": {"action_time": "2025-08-17T03:21:41.602Z", "user": 1, "content_type": 7, "object_id": "4", "object_repr": "Matemática - 4", "action_flag": 1, "change_message": "[{\"added\": {}}]"}}, {"model": "admin.logentry", "pk": 8, "fields": {"action_time": "2025-08-17T03:22:56.944Z", "user": 1, "content_type": 7, "object_id": "5", "object_repr": "Matemática - 5", "action_flag": 1, "change_message": "[{\"added\": {}}]"}}, {"model": "admin.logentry", "pk": 9, "fields": {"action_time": "2025-08-17T03:24:11.668Z", "user": 1, "content_type": 7, "object_id": "6", "object_repr": "Matemática - 6", "action_flag": 1, "change_message": "[{\"added\": {}}]"}}, {"model": "admin.logentry", "pk": 10, "fields": {"action_time": "2025-08-17T03:25:52.022Z", "user": 1, "content_type": 7, "object_id": "7", "object_repr": "Matemática - 7", "action_flag": 1, "change_message": "[{\"added\": {}}]"}}, {"model": "admin.logentry", "pk": 11, "fields": {"action_time": "2025-08-17T03:26:22.804Z", "user": 1, "content_type": 7, "object_id": "8", "object_repr": "Matemática - 8", "action_flag": 1, "change_message": "[{\"added\": {}}]"}}, {"model": "admin.logentry", "pk": 12, "fields": {"action_time": "2025-08-17T03:26:56.623Z", "user": 1, "content_type": 7, "object_id": "9", "object_repr": "Matemática - 9", "action_flag": 1, "change_message": "[{\"added\": {}}]"}}, {"model": "admin.logentry", "pk": 13, "fields": {"action_time": "2025-08-17T03:28:07.119Z", "user": 1, "content_type": 7, "object_id": "10", "object_repr": "Matemática - 10", "action_flag": 1, "change_message": "[{\"added\": {}}]"}}, {"model": "admin.logentry", "pk": 14, "fields": {"action_time": "2025-08-17T03:28:39.503Z", "user": 1, "content_type": 7, "object_id": "11", "object_repr": "Matemática - 11", "action_flag": 1, "change_message": "[{\"added\": {}}]"}}, {"model": "admin.logentry", "pk": 15, "fields": {"action_time": "2025-08-17T03:29:15.405Z", "user": 1, "content_type": 7, "object_id": "12", "object_repr": "Matemática - 12", "action_flag": 1, "change_message": "[{\"added\": {}}]"}}, {"model": "admin.logentry", "pk": 16, "fields": {"action_time": "2025-08-17T03:30:00.347Z", "user": 1, "content_type": 7, "object_id": "13", "object_repr": "Português - 13", "action_flag": 1, "change_message": "[{\"added\": {}}]"}}, {"model": "admin.logentry", "pk": 17, "fields": {"action_time": "2025-08-17T03:30:23.897Z", "user": 1, "content_type": 7, "object_id": "14", "object_repr": "Português - 14", "action_flag": 1, "change_message": "[{\"added\": {}}]"}}, {"model": "admin.logentry", "pk": 18, "fields": {"action_time": "2025-08-17T03:30:47.179Z", "user": 1, "content_type": 7, "object_id": "15", "object_repr": "Português - 15", "action_flag": 1, "change_message": "[{\"added\": {}}]"}}, {"model": "admin.logentry", "pk": 19, "fields": {"action_time": "2025-08-17T03:31:15.655Z", "user": 1, "content_type": 7, "object_id": "16", "object_repr": "Português - 16", "action_flag": 1, "change_message": "[{\"added\": {}}]"}}, {"model": "admin.logentry", "pk": 20, "fields": {"action_time": "2025-08-17T03:31:38.470Z", "user": 1, "content_type": 7, "object_id": "17", "object_repr": "Português - 17", "action_flag": 1, "change_message": "[{\"added\": {}}]"}}, {"model": "admin.logentry", "pk": 21, "fields": {"action_time": "2025-08-17T03:32:01.422Z", "user": 1, "content_type": 7, "object_id": "18", "object_repr": "Português - 18", "action_flag": 1, "change_message": "[{\"added\": {}}]"}}, {"model": "admin.logentry", "pk": 22, "fields": {"action_time": "2025-08-17T03:32:45.256Z", "user": 1, "content_type": 7, "object_id": "19", "object_repr": "Português - 19", "action_flag": 1, "change_message": "[{\"added\": {}}]"}}, {"model": "admin.logentry", "pk": 23, "fields": {"action_time": "2025-08-17T03:33:10.934Z", "user": 1, "content_type": 7, "object_id": "20", "object_repr": "Português - 20", "action_flag": 1, "change_message": "[{\"added\": {}}]"}}, {"model": "admin.logentry", "pk": 24, "fields": {"action_time": "2025-08-17T03:33:38.943Z", "user": 1, "content_type": 7, "object_id": "21", "object_repr": "Português - 21", "action_flag": 1, "change_message": "[{\"added\": {}}]"}}, {"model": "admin.logentry", "pk": 25, "fields": {"action_time": "2025-08-17T03:35:00.617Z", "user": 1, "content_type": 7, "object_id": "22", "object_repr": "História - 22", "action_flag": 1, "change_message": "[{\"added\": {}}]"}}, {"model": "admin.logentry", "pk": 26, "fields": {"action_time": "2025-08-17T03:35:21.727Z", "user": 1, "content_type": 7, "object_id": "23", "object_repr": "História - 23", "action_flag": 1, "change_message": "[{\"added\": {}}]"}}, {"model": "admin.logentry", "pk": 27, "fields": {"action_time": "2025-08-17T03:35:50.023Z", "user": 1, "content_type": 7, "object_id": "24", "object_repr": "História - 24", "action_flag": 1, "change_message": "[{\"added\": {}}]"}}, {"model": "admin.logentry", "pk": 28, "fields": {"action_time": "2025-08-17T03:36:14.379Z", "user": 1, "content_type": 7, "object_id": "25", "object_repr": "História - 25", "action_flag": 1, "change_message": "[{\"added\": {}}]"}}, {"model": "admin.logentry", "pk": 29, "fields": {"action_time": "2025-08-17T03:36:42.402Z", "user": 1, "content_type": 7, "object_id": "26", "object_repr": "História - 26", "action_flag": 1, "change_message": "[{\"added\": {}}]"}}, {"model": "admin.logentry", "pk": 30, "fields": {"action_time": "2025-08-17T03:37:09.609Z", "user": 1, "content_type": 7, "object_id": "27", "object_repr": "História - 27", "action_flag": 1, "change_message": "[{\"added\": {}}]"}}, {"model": "admin.logentry", "pk": 31, "fields": {"action_time": "2025-08-17T03:37:34.885Z", "user": 1, "content_type": 7, "object_id": "28", "object_repr": "História - 28", "action_flag": 1, "change_message": "[{\"added\": {}}]"}}, {"model": "admin.logentry", "pk": 32, "fields": {"action_time": "2025-08-17T03:38:00.975Z", "user": 1, "content_type": 7, "object_id": "29", "object_repr": "História - 29", "action_flag": 1, "change_message": "[{\"added\": {}}]"}}, {"model": "admin.logentry", "pk": 33, "fields": {"action_time": "2025-08-17T03:38:25.388Z", "user": 1, "content_type": 7, "object_id": "30", "object_repr": "História - 30", "action_flag": 1, "change_message": "[{\"added\": {}}]"}}, {"model": "admin.logentry", "pk": 34, "fields": {"action_time": "2025-08-17T03:38:46.640Z", "user": 1, "content_type": 7, "object_id": "31", "object_repr": "Geografia - 31", "action_flag": 1, "change_message": "[{\"added\": {}}]"}}, {"model": "admin.logentry", "pk": 35, "fields": {"action_time": "2025-08-17T03:39:04.091Z", "user": 1, "content_type": 7, "object_id": "32", "object_repr": "Geografia - 32", "action_flag": 1, "change_message": "[{\"added\": {}}]"}}, {"model": "admin.logentry", "pk": 36, "fields": {"action_time": "2025-08-17T03:39:36.489Z", "user": 1, "content_type": 7, "object_id": "33", "object_repr": "Geografia - 33", "action_flag": 1, "change_message": "[{\"added\": {}}]"}}, {"model": "admin.logentry", "pk": 37, "fields": {"action_time": "2025-08-17T03:39:58.103Z", "user": 1, "content_type": 7, "object_id": "34", "object_repr": "Geografia - 34", "action_flag": 1, "change_message": "[{\"added\": {}}]"}}, {"model": "admin.logentry", "pk": 38, "fields": {"action_time": "2025-08-17T03:40:17.362Z", "user": 1, "content_type": 7, "object_id": "35", "object_repr": "Geografia - 35", "action_flag": 1, "change_message": "[{\"added\": {}}]"}}, {"model": "admin.logentry", "pk": 39, "fields": {"action_time": "2025-08-17T03:40:40.341Z", "user": 1, "content_type": 7, "object_id": "36", "object_repr": "Geografia - 36", "action_flag": 1, "change_message": "[{\"added\": {}}]"}}, {"model": "admin.logentry", "pk": 40, "fields": {"action_time": "2025-08-17T03:41:08.710Z", "user": 1, "content_type": 7, "object_id": "37", "object_repr": "Geografia - 37", "action_flag": 1, "change_message": "[{\"added\": {}}]"}}, {"model": "admin.logentry", "pk": 41, "fields": {"action_time": "2025-08-17T03:41:29.100Z", "user": 1, "content_type": 7, "object_id": "38", "object_repr": "Geografia - 38", "action_flag": 1, "change_message": "[{\"added\": {}}]"}}, {"model": "admin.logentry", "pk": 42, "fields": {"action_time": "2025-08-17T03:41:53.810Z", "user": 1, "content_type": 7, "object_id": "39", "object_repr": "Geografia - 39", "action_flag": 1, "change_message": "[{\"added\": {}}]"}}, {"model": "admin.logentry", "pk": 43, "fields": {"action_time": "2025-08-17T03:42:51.936Z", "user": 1, "content_type": 7, "object_id": "40", "object_repr": "Física - 40", "action_flag": 1, "change_message": "[{\"added\": {}}]"}}, {"model": "admin.logentry", "pk": 44, "fields": {"action_time": "2025-08-17T03:43:19.834Z", "user": 1, "content_type": 7, "object_id": "41", "object_repr": "Física - 41", "action_flag": 1, "change_message": "[{\"added\": {}}]"}}, {"model": "admin.logentry", "pk": 45, "fields": {"action_time": "2025-08-17T03:43:48.174Z", "user": 1, "content_type": 7, "object_id": "42", "object_repr": "Física - 42", "action_flag": 1, "change_message": "[{\"added\": {}}]"}}, {"model": "admin.logentry", "pk": 46, "fields": {"action_time": "2025-08-17T03:44:10.975Z", "user": 1, "content_type": 7, "object_id": "43", "object_repr": "Física - 43", "action_flag": 1, "change_message": "[{\"added\": {}}]"}}, {"model": "admin.logentry", "pk": 47, "fields": {"action_time": "2025-08-17T03:44:37.038Z", "user": 1, "content_type": 7, "object_id": "44", "object_repr": "Física - 44", "action_flag": 1, "change_message": "[{\"added\": {}}]"}}, {"model": "admin.logentry", "pk": 48, "fields": {"action_time": "2025-08-17T03:44:56.431Z", "user": 1, "content_type": 7, "object_id": "45", "object_repr": "Física - 45", "action_flag": 1, "change_message": "[{\"added\": {}}]"}}, {"model": "admin.logentry", "pk": 49, "fields": {"action_time": "2025-08-17T03:45:18.016Z", "user": 1, "content_type": 7, "object_id": "46", "object_repr": "Física - 46", "action_flag": 1, "change_message": "[{\"added\": {}}]"}}, {"model": "admin.logentry", "pk": 50, "fields": {"action_time": "2025-08-17T03:45:40.503Z", "user": 1, "content_type": 7, "object_id": "47", "object_repr": "Física - 47", "action_flag": 1, "change_message": "[{\"added\": {}}]"}}, {"model": "admin.logentry", "pk": 51, "fields": {"action_time": "2025-08-17T03:46:06.149Z", "user": 1, "content_type": 7, "object_id": "48", "object_repr": "Física - 48", "action_flag": 1, "change_message": "[{\"added\": {}}]"}}, {"model": "admin.logentry", "pk": 52, "fields": {"action_time": "2025-08-17T03:46:25.026Z", "user": 1, "content_type": 7, "object_id": "49", "object_repr": "Química - 49", "action_flag": 1, "change_message": "[{\"added\": {}}]"}}, {"model": "admin.logentry", "pk": 53, "fields": {"action_time": "2025-08-17T03:46:42.915Z", "user": 1, "content_type": 7, "object_id": "50", "object_repr": "Química - 50", "action_flag": 1, "change_message": "[{\"added\": {}}]"}}, {"model": "admin.logentry", "pk": 54, "fields": {"action_time": "2025-08-17T03:47:25.726Z", "user": 1, "content_type": 7, "object_id": "51", "object_repr": "Química - 51", "action_flag": 1, "change_message": "[{\"added\": {}}]"}}, {"model": "admin.logentry", "pk": 55, "fields": {"action_time": "2025-08-17T03:47:53.995Z", "user": 1, "content_type": 7, "object_id": "52", "object_repr": "Química - 52", "action_flag": 1, "change_message": "[{\"added\": {}}]"}}, {"model": "admin.logentry", "pk": 56, "fields": {"action_time": "2025-08-17T03:48:08.796Z", "user": 1, "content_type": 7, "object_id": "53", "object_repr": "Química - 53", "action_flag": 1, "change_message": "[{\"added\": {}}]"}}, {"model": "admin.logentry", "pk": 57, "fields": {"action_time": "2025-08-17T03:48:30.247Z", "user": 1, "content_type": 7, "object_id": "54", "object_repr": "Química - 54", "action_flag": 1, "change_message": "[{\"added\": {}}]"}}, {"model": "admin.logentry", "pk": 58, "fields": {"action_time": "2025-08-17T03:48:52.327Z", "user": 1, "content_type": 7, "object_id": "55", "object_repr": "Química - 55", "action_flag": 1, "change_message": "[{\"added\": {}}]"}}, {"model": "admin.logentry", "pk": 59, "fields": {"action_time": "2025-08-17T03:49:14.599Z", "user": 1, "content_type": 7, "object_id": "56", "object_repr": "Química - 56", "action_flag": 1, "change_message": "[{\"added\": {}}]"}}, {"model": "admin.logentry", "pk": 60, "fields": {"action_time": "2025-08-17T03:49:36.262Z", "user": 1, "content_type": 7, "object_id": "57", "object_repr": "Química - 57", "action_flag": 1, "change_message": "[{\"added\": {}}]"}}, {"model": "admin.logentry", "pk": 61, "fields": {"action_time": "2025-08-17T03:49:57.017Z", "user": 1, "content_type": 7, "object_id": "58", "object_repr": "Biologia - 58", "action_flag": 1, "change_message": "[{\"added\": {}}]"}}, {"model": "admin.logentry", "pk": 62, "fields": {"action_time": "2025-08-17T03:50:14.648Z", "user": 1, "content_type": 7, "object_id": "59", "object_repr": "Biologia - 59", "action_flag": 1, "change_message": "[{\"added\": {}}]"}}, {"model": "admin.logentry", "pk": 63, "fields": {"action_time": "2025-08-17T03:50:40.343Z", "user": 1, "content_type": 7, "object_id": "60", "object_repr": "Biologia - 60", "action_flag": 1, "change_message": "[{\"added\": {}}]"}}, {"model": "admin.logentry", "pk": 64, "fields": {"action_time": "2025-08-17T03:50:58.381Z", "user": 1, "content_type": 7, "object_id": "61", "object_repr": "Biologia - 61", "action_flag": 1, "change_message": "[{\"added\": {}}]"}}, {"model": "admin.logentry", "pk": 65, "fields": {"action_time": "2025-08-17T03:51:19.857Z", "user": 1, "content_type": 7, "object_id": "62", "object_repr": "Biologia - 62", "action_flag": 1, "change_message": "[{\"added\": {}}]"}}, {"model": "admin.logentry", "pk": 66, "fields": {"action_time": "2025-08-17T03:51:35.916Z", "user": 1, "content_type": 7, "object_id": "63", "object_repr": "Biologia - 63", "action_flag": 1, "change_message": "[{\"added\": {}}]"}}, {"model": "admin.logentry", "pk": 67, "fields": {"action_time": "2025-08-17T03:52:06.175Z", "user": 1, "content_type": 7, "object_id": "64", "object_repr": "Biologia - 64", "action_flag": 1, "change_message": "[{\"added\": {}}]"}}, {"model": "admin.logentry", "pk": 68, "fields": {"action_time": "2025-08-17T03:52:32.414Z", "user": 1, "content_type": 7, "object_id": "65", "object_repr": "Biologia - 65", "action_flag": 1, "change_message": "[{\"added\": {}}]"}}, {"model": "admin.logentry", "pk": 69, "fields": {"action_time": "2025-08-17T03:52:55.011Z", "user": 1, "content_type": 7, "object_id": "66", "object_repr": "Biologia - 66", "action_flag": 1, "change_message": "[{\"added\": {}}]"}}, {"model": "admin.logentry", "pk": 70, "fields": {"action_time": "2025-08-17T17:59:21.636Z", "user": 1, "content_type": 7, "object_id": "7", "object_repr": "Matemática - 7", "action_flag": 2, "change_message": "[{\"changed\": {\"fields\": [\"Imagem\"]}}]"}}, {"model": "admin.logentry", "pk": 71, "fields": {"action_time": "2025-08-17T17:59:21.904Z", "user": 1, "content_type": 7, "object_id": "7", "object_repr": "Matemática - 7", "action_flag": 2, "change_message": "[{\"changed\": {\"fields\": [\"Imagem\"]}}]"}}, {"model": "admin.logentry", "pk": 72, "fields": {"action_time": "2025-08-17T18:12:06.171Z", "user": 1, "content_type": 7, "object_id": "7", "object_repr": "Matemática - 7", "action_flag": 2, "change_message": "[{\"changed\": {\"fields\": [\"Imagem\"]}}]"}}, {"model": "admin.logentry", "pk": 73, "fields": {"action_time": "2025-08-17T18:12:11.389Z", "user": 1, "content_type": 7, "object_id": "7", "object_repr": "Matemática - 7", "action_flag": 2, "change_message": "[{\"changed\": {\"fields\": [\"Imagem\"]}}]"}}, {"model": "auth.permission", "pk": 1, "fields": {"name": "Can add log entry", "content_type": 1, "codename": "add_logentry"}}, {"model": "auth.permission", "pk": 2, "fields": {"name": "Can change log entry", "content_type": 1, "codename": "change_logentry"}}, {"model": "auth.permission", "pk": 3, "fields": {"name": "Can delete log entry", "content_type": 1, "codename": "delete_logentry"}}, {"model": "auth.permission", "pk": 4, "fields": {"name": "Can view log entry", "content_type": 1, "codename": "view_logentry"}}, {"model": "auth.permission", "pk": 5, "fields": {"name": "Can add permission", "content_type": 2, "codename": "add_permission"}}, {"model": "auth.permission", "pk": 6, "fields": {"name": "Can change permission", "content_type": 2, "codename": "change_permission"}}, {"model": "auth.permission", "pk": 7, "fields": {"name": "Can delete permission", "content_type": 2, "codename": "delete_permission"}}, {"model": "auth.permission", "pk": 8, "fields": {"name": "Can view permission", "content_type": 2, "codename": "view_permission"}}, {"model": "auth.permission", "pk": 9, "fields": {"name": "Can add group", "content_type": 3, "codename": "add_group"}}, {"model": "auth.permission", "pk": 10, "fields": {"name": "Can change group", "content_type": 3, "codename": "change_group"}}, {"model": "auth.permission", "pk": 11, "fields": {"name": "Can delete group", "content_type": 3, "codename": "delete_group"}}, {"model": "auth.permission", "pk": 12, "fields": {"name": "Can view group", "content_type": 3, "codename": "view_group"}}, {"model": "auth.permission", "pk": 13, "fields": {"name": "Can add user", "content_type": 4, "codename": "add_user"}}, {"model": "auth.permission", "pk": 14, "fields": {"name": "Can change user", "content_type": 4, "codename": "change_user"}}, {"model": "auth.permission", "pk": 15, "fields": {"name": "Can delete user", "content_type": 4, "codename": "delete_user"}}, {"model": "auth.permission", "pk": 16, "fields": {"name": "Can view user", "content_type": 4, "codename": "view_user"}}, {"model": "auth.permission", "pk": 17, "fields": {"name": "Can add content type", "content_type": 5, "codename": "add_contenttype"}}, {"model": "auth.permission", "pk": 18, "fields": {"name": "Can change content type", "content_type": 5, "codename": "change_contenttype"}}, {"model": "auth.permission", "pk": 19, "fields": {"name": "Can delete content type", "content_type": 5, "codename": "delete_contenttype"}}, {"model": "auth.permission", "pk": 20, "fields": {"name": "Can view content type", "content_type": 5, "codename": "view_contenttype"}}, {"model": "auth.permission", "pk": 21, "fields": {"name": "Can add session", "content_type": 6, "codename": "add_session"}}, {"model": "auth.permission", "pk": 22, "fields": {"name": "Can change session", "content_type": 6, "codename": "change_session"}}, {"model": "auth.permission", "pk": 23, "fields": {"name": "Can delete session", "content_type": 6, "codename": "delete_session"}}, {"model": "auth.permission", "pk": 24, "fields": {"name": "Can view session", "content_type": 6, "codename": "view_session"}}, {"model": "auth.permission", "pk": 25, "fields": {"name": "Can add questao", "content_type": 7, "codename": "add_questao"}}, {"model": "auth.permission", "pk": 26, "fields": {"name": "Can change questao", "content_type": 7, "codename": "change_questao"}}, {"model": "auth.permission", "pk": 27, "fields": {"name": "Can delete questao", "content_type": 7, "codename": "delete_questao"}}, {"model": "auth.permission", "pk": 28, "fields": {"name": "Can view questao", "content_type": 7, "codename": "view_questao"}}, {"model": "auth.permission", "pk": 29, "fields": {"name": "Can add resposta", "content_type": 8, "codename": "add_resposta"}}, {"model": "auth.permission", "pk": 30, "fields": {"name": "Can change resposta", "content_type": 8, "codename": "change_resposta"}}, {"model": "auth.permission", "pk": 31, "fields": {"name": "Can delete resposta", "content_type": 8, "codename": "delete_resposta"}}, {"model": "auth.permission", "pk": 32, "fields": {"name": "Can view resposta", "content_type": 8, "codename": "view_resposta"}}, {"model": "auth.permission", "pk": 33, "fields": {"name": "Can add simulado", "content_type": 9, "codename": "add_simulado"}}, {"model": "auth.permission", "pk": 34, "fields": {"name": "Can change simulado", "content_type": 9, "codename": "change_simulado"}}, {"model": "auth.permission", "pk": 35, "fields": {"name": "Can delete simulado", "content_type": 9, "codename": "delete_simulado"}}, {"model": "auth.permission", "pk": 36, "fields": {"name": "Can view simulado", "content_type": 9, "codename": "view_simulado"}}, {"model": "auth.user", "pk": 1, "fields": {"password": "pbkdf2_sha256$1000000$Ryud8G25MYTM8T7Y169Ij2$g7uZS3bY3QRAcNQzCInkxozz3cXoGchuKvYm+Ft9HCA=", "last_login": "2025-08-17T19:03:35.263Z", "is_superuser": true, "username": "mateus", "first_name": "", "last_name": "", "email": "contato.mateus1204@gmail.com", "is_staff": true, "is_active": true, "date_joined": "2025-08-15T15:16:21.374Z", "groups": [], "user_permissions": []}}, {"model": "auth.user", "pk": 2, "fields": {"password": "pbkdf2_sha256$1000000$CGwlkTav5ON9K7lckRVxpn$5nuWpr9xegyIKgIgnngymiSqp4zS80D/y6/Gqhl1WY0=", "last_login": null, "is_superuser": false, "username": "Mateus", "first_name": "", "last_name": "", "email": "mateus@gmail.com", "is_staff": false, "is_active": true, "date_joined": "2025-08-15T21:26:45.906Z", "groups": [], "user_permissions": []}}, {"model": "auth.user", "pk": 3, "fields": {"password": "pbkdf2_sha256$1000000$8qWJYgGZVSK4AQA4jBRjkV$vNKAQGvVpvyGK/ud/7m79QsNUag8UF1qrGaMI/aoEVM=", "last_login": null, "is_superuser": false, "username": "MateusFerreira", "first_name": "", "last_name": "", "email": "mateus@gmail.com", "is_staff": false, "is_active": true, "date_joined": "2025-08-15T21:27:38.047Z", "groups": [], "user_permissions": []}}, {"model": "auth.user", "pk": 4, "fields": {"password": "pbkdf2_sha256$1000000$hljNlGXGQPYUw4Ui0kp8kH$jZXMkcs5yOIiQYA1mT9wQD+ZqGIhYVMzhNHmWrBtyS4=", "last_login": null, "is_superuser": false, "username": "Mateus123", "first_name": "", "last_name": "", "email": "Mateus123@gmail.com", "is_staff": false, "is_active": true, "date_joined": "2025-08-15T21:28:53.177Z", "groups": [], "user_permissions": []}}, {"model": "auth.user", "pk": 5, "fields": {"password": "pbkdf2_sha256$1000000$C9c2Px8dJcOvLvrb0aXM8K$cG4olp9bmSrj0Q6hwkW45d3XfXspRteli4F+W7Gz7Ow=", "last_login": null, "is_superuser": false, "username": "dsadsa", "first_name": "", "last_name": "", "email": "asddsa@hotmail.com", "is_staff": false, "is_active": true, "date_joined": "2025-08-15T21:32:56.879Z", "groups": [], "user_permissions": []}}, {"model": "auth.user", "pk": 6, "fields": {"password": "pbkdf2_sha256$1000000$qpgzNABuQpiSgA6qlifiGl$XZI5aa5mbNvU0xkMWLGlHR7K8SU3MQ6wnFO1MMzJRdM=", "last_login": null, "is_superuser": false, "username": "MateusFerreiraM", "first_name": "", "last_name": "", "email": "mateus@hotmail.com", "is_staff": false, "is_active": true, "date_joined": "2025-08-15T21:35:21.858Z", "groups": [], "user_permissions": []}}, {"model": "contenttypes.contenttype", "pk": 1, "fields": {"app_label": "admin", "model": "logentry"}}, {"model": "contenttypes.contenttype", "pk": 2, "fields": {"app_label": "auth", "model": "permission"}}, {"model": "contenttypes.contenttype", "pk": 3, "fields": {"app_label": "auth", "model": "group"}}, {"model": "contenttypes.contenttype", "pk": 4, "fields": {"app_label": "auth", "model": "user"}}, {"model": "contenttypes.contenttype", "pk": 5, "fields": {"app_label": "contenttypes", "model": "contenttype"}}, {"model": "contenttypes.contenttype", "pk": 6, "fields": {"app_label": "sessions", "model": "session"}}, {"model": "contenttypes.contenttype", "pk": 7, "fields": {"app_label": "simula", "model": "questao"}}, {"model": "contenttypes.contenttype", "pk": 8, "fields": {"app_label": "simula", "model": "resposta"}}, {"model": "contenttypes.contenttype", "pk": 9, "fields": {"app_label": "simula", "model": "simulado"}}, {"model": "sessions.session", "pk": "1t2g5w9zjkt0x56z49mmgc7h8psdifwh", "fields": {"session_data": ".eJxVjEEOwiAQRe_C2hBmoAgu3fcMZAqDVA0kpV0Z765NutDtf-_9lwi0rSVsnZcwJ3ERIE6_20TxwXUH6U711mRsdV3mSe6KPGiXY0v8vB7u30GhXr71YEgzkQU0aM6K2SEoT-SdQcpa5YhD0i5ZD5a11TnnqMAiQTIGNYv3B837N1w:1unifH:pZKSA09xWIYrqmNQBsryqLmFL2MIuWvhv9oTt7O2UNQ", "expire_date": "2025-08-31T19:03:35.315Z"}}, {"model": "sessions.session", "pk": "ljbdbc1iti0jrj7j6lxsgxs01r3kwgnl", "fields": {"session_data": ".eJxVjEEOwiAQRe_C2hBmoAgu3fcMZAqDVA0kpV0Z765NutDtf-_9lwi0rSVsnZcwJ3ERIE6_20TxwXUH6U711mRsdV3mSe6KPGiXY0v8vB7u30GhXr71YEgzkQU0aM6K2SEoT-SdQcpa5YhD0i5ZD5a11TnnqMAiQTIGNYv3B837N1w:1umwAx:hR5-ZG2aEWKNlLoSIANxLAw0d2JarpOedMHDYKW_UPI", "expire_date": "2025-08-29T15:17:03.475Z"}}, {"model": "simula.questao", "pk": 4, "fields": {"materia": "matematica", "dificuldade": "F", "texto": "Quanto é 7×8 ?", "alternativa_a": "42", "alternativa_b": "23", "alternativa_c": "56", "alternativa_d": "75", "alternativa_e": "24", "resposta_correta": "C", "imagem": ""}}, {"model": "simula.questao", "pk": 5, "fields": {"materia": "matematica", "dificuldade": "F", "texto": "Resolva: 12 + 35 - 18", "alternativa_a": "23", "alternativa_b": "29", "alternativa_c": "25", "alternativa_d": "33", "alternativa_e": "26", "resposta_correta": "B", "imagem": ""}}, {"model": "simula.questao", "pk": 6, "fields": {"materia": "matematica", "dificuldade": "F", "texto": "Qual é o valor de x em x + 5 = 12?", "alternativa_a": "6", "alternativa_b": "7", "alternativa_c": "8", "alternativa_d": "9", "alternativa_e": "10", "resposta_correta": "B", "imagem": ""}}, {"model": "simula.questao", "pk": 7, "fields": {"materia": "matematica", "dificuldade": "M", "texto": "Calcule a área de um retângulo de base 12 cm e altura 8 cm.", "alternativa_a": "80 cm²", "alternativa_b": "144 cm²", "alternativa_c": "100 cm²", "alternativa_d": "120 cm²", "alternativa_e": "96 cm²", "resposta_correta": "E", "imagem": "questoes_imagens/logo-simula_ngfZ4nN.png"}}, {"model": "simula.questao", "pk": 8, "fields": {"materia": "matematica", "dificuldade": "M", "texto": "Resolva: 2x + 3 = 15", "alternativa_a": "4", "alternativa_b": "5", "alternativa_c": "6", "alternativa_d": "7", "alternativa_e": "8", "resposta_correta": "B", "imagem": ""}}, {"model": "simula.questao", "pk": 9, "fields": {"materia": "matematica", "dificuldade": "M", "texto": "Qual é a porcentagem de 30 em relação a 200?", "alternativa_a": "10%", "alternativa_b": "12%", "alternativa_c": "15%", "alternativa_d": "18%", "alternativa_e": "20%", "resposta_correta": "C", "imagem": ""}}, {"model": "simula.questao", "pk": 10, "fields": {"materia": "matematica", "dificuldade": "D", "texto": "Resolva: 2x² - 3x - 5 = 0", "alternativa_a": "2, -5/2", "alternativa_b": "1, -5", "alternativa_c": "3, -5/3", "alternativa_d": "5, -2", "alternativa_e": "0, -5/2", "resposta_correta": "A", "imagem": ""}}, {"model": "simula.questao", "pk": 11, "fields": {"materia": "matematica", "dificuldade": "D", "texto": "Uma loja deu 20% de desconto em um produto que custava R$ 250. Qual o valor final?", "alternativa_a": "R$ 180", "alternativa_b": "R$ 190", "alternativa_c": "R$ 200", "alternativa_d": "R$ 210", "alternativa_e": "R$ 220", "resposta_correta": "C", "imagem": ""}}, {"model": "simula.questao", "pk": 12, "fields": {"materia": "matematica", "dificuldade": "D", "texto": "Determine a soma dos ângulos internos de um polígono de 12 lados.", "alternativa_a": "1980°", "alternativa_b": "1440°", "alternativa_c": "1800°", "alternativa_d": "1620°", "alternativa_e": "2160°", "resposta_correta": "D", "imagem": ""}}, {"model": "simula.questao", "pk": 13, "fields": {"materia": "portugues", "dificuldade": "F", "texto": "Classe gramatical de “rápido” em “O carro é rápido”.", "alternativa_a": "Substantivo", "alternativa_b": "Verbo", "alternativa_c": "Adjetivo", "alternativa_d": "Advérbio", "alternativa_e": "Pronome", "resposta_correta": "C", "imagem": ""}}, {"model": "simula.questao", "pk": 14, "fields": {"materia": "portugues", "dificuldade": "F", "texto": "Sujeito de: “Os alunos estudaram para a prova.”", "alternativa_a": "Os alunos", "alternativa_b": "A prova", "alternativa_c": "Estudaram", "alternativa_d": "Nenhum sujeito", "alternativa_e": "Sujeito oculto", "resposta_correta": "A", "imagem": ""}}, {"model": "simula.questao", "pk": 15, "fields": {"materia": "portugues", "dificuldade": "F", "texto": "Reescreva no futuro: “Eu estudo amanhã.”", "alternativa_a": "Eu estudarei amanhã", "alternativa_b": "Eu estudava amanhã", "alternativa_c": "Eu estudara amanhã", "alternativa_d": "Eu estudei amanhã", "alternativa_e": "Eu estudo amanhã", "resposta_correta": "A", "imagem": ""}}, {"model": "simula.questao", "pk": 16, "fields": {"materia": "portugues", "dificuldade": "M", "texto": "4. Diferença entre oração subordinada adjetiva restritiva e explicativa.", "alternativa_a": "Não há diferença", "alternativa_b": "Restritiva limita o sentido, explicativa adiciona informação", "alternativa_c": "Ambas são iguais a coordenadas", "alternativa_d": "Restritiva vem sempre com vírgula", "alternativa_e": "Explicativa nunca usa pronome relativo", "resposta_correta": "B", "imagem": ""}}, {"model": "simula.questao", "pk": 17, "fields": {"materia": "portugues", "dificuldade": "M", "texto": "Voz passiva de: “Os alunos resolveram a questão.”", "alternativa_a": "A questão foi resolvida pelos alunos", "alternativa_b": "Os alunos são resolvidos pela questão", "alternativa_c": "A questão resolveram os alunos", "alternativa_d": "Resolveram-se os alunos pela questão", "alternativa_e": "Nenhuma", "resposta_correta": "A", "imagem": ""}}, {"model": "simula.questao", "pk": 18, "fields": {"materia": "portugues", "dificuldade": "M", "texto": "Figura de linguagem em: “O vento cantava entre as árvores.”", "alternativa_a": "Metáfora", "alternativa_b": "Prosopopeia", "alternativa_c": "Ironia", "alternativa_d": "Eufemismo", "alternativa_e": "Comparação", "resposta_correta": "B", "imagem": ""}}, {"model": "simula.questao", "pk": 19, "fields": {"materia": "portugues", "dificuldade": "D", "texto": "7. Análise da frase: “O livro que comprei ontem é interessante.”", "alternativa_a": "“Que comprei ontem” = oração substantiva", "alternativa_b": "“Que comprei ontem” = oração principal", "alternativa_c": "“Que comprei ontem” = oração coordenada", "alternativa_d": "“Que comprei ontem” = oração subordinada adjetiva restritiva", "alternativa_e": "Nenhuma", "resposta_correta": "D", "imagem": ""}}, {"model": "simula.questao", "pk": 20, "fields": {"materia": "portugues", "dificuldade": "D", "texto": "Diferença de uso entre “por que”, “porque”, “porquê”, “por quê”.", "alternativa_a": "Todos significam a mesma coisa", "alternativa_b": "Não existe “por quê”", "alternativa_c": "Cada um tem uso específico", "alternativa_d": "Só “porque” está correto", "alternativa_e": "“Porquê” só no meio da frase", "resposta_correta": "C", "imagem": ""}}, {"model": "simula.questao", "pk": 21, "fields": {"materia": "portugues", "dificuldade": "D", "texto": "Reescreva mantendo o sentido: “Ele não foi ao cinema, mas estudou bastante.”", "alternativa_a": "Ele não foi ao cinema, logo estudou bastante", "alternativa_b": "Ele não foi ao cinema, então estudou bastante", "alternativa_c": "Ele não foi ao cinema, pois estudou bastante", "alternativa_d": "Ele não foi ao cinema, ou estudou bastante", "alternativa_e": "Ele não foi ao cinema, porém estudou bastante", "resposta_correta": "E", "imagem": ""}}, {"model": "simula.questao", "pk": 22, "fields": {"materia": "historia", "dificuldade": "F", "texto": "Ano da Proclamação da República no Brasil.", "alternativa_a": "1888", "alternativa_b": "1889", "alternativa_c": "1890", "alternativa_d": "1891", "alternativa_e": "1900", "resposta_correta": "B", "imagem": ""}}, {"model": "simula.questao", "pk": 23, "fields": {"materia": "historia", "dificuldade": "F", "texto": "Primeiro presidente do Brasil.", "alternativa_a": "Floriano Peixoto", "alternativa_b": "Getúlio Vargas", "alternativa_c": "Marechal Rondon", "alternativa_d": "Deodoro da Fonseca", "alternativa_e": "Dom Pedro II", "resposta_correta": "D", "imagem": ""}}, {"model": "simula.questao", "pk": 24, "fields": {"materia": "historia", "dificuldade": "F", "texto": "O que foi a Independência do Brasil?", "alternativa_a": "Início da República", "alternativa_b": "Fim da escravidão", "alternativa_c": "Criação da Constituição", "alternativa_d": "Guerra do Paraguai", "alternativa_e": "Rompimento com Portugal", "resposta_correta": "E", "imagem": ""}}, {"model": "simula.questao", "pk": 25, "fields": {"materia": "historia", "dificuldade": "M", "texto": "Duas causas da Revolução Industrial.", "alternativa_a": "Expansão marítima e feudalismo", "alternativa_b": "Escravidão e absolutismo", "alternativa_c": "Inovações tecnológicas e crescimento urbano", "alternativa_d": "Guerras napoleônicas", "alternativa_e": "Criação da ONU", "resposta_correta": "C", "imagem": ""}}, {"model": "simula.questao", "pk": 26, "fields": {"materia": "historia", "dificuldade": "M", "texto": "Quem foi Tiradentes?", "alternativa_a": "Presidente da República", "alternativa_b": "Escritor modernista", "alternativa_c": "Militar da ditadura", "alternativa_d": "Líder da Inconfidência Mineira", "alternativa_e": "Rei de Portugal", "resposta_correta": "D", "imagem": ""}}, {"model": "simula.questao", "pk": 27, "fields": {"materia": "historia", "dificuldade": "M", "texto": "O que foi a Guerra Fria?", "alternativa_a": "Guerra Civil americana", "alternativa_b": "Conflito ideológico entre EUA e URSS", "alternativa_c": "Conflito na África", "alternativa_d": "Guerra Mundial", "alternativa_e": "Nenhuma", "resposta_correta": "B", "imagem": ""}}, {"model": "simula.questao", "pk": 28, "fields": {"materia": "historia", "dificuldade": "D", "texto": "Diferença entre absolutismo e iluminismo.", "alternativa_a": "Iluminismo é religioso", "alternativa_b": "Absolutismo = igualdade social", "alternativa_c": "Absolutismo = poder concentrado no rei; Iluminismo = razão e liberdade", "alternativa_d": "Ambos defendem reis absolutos", "alternativa_e": "Não há diferença", "resposta_correta": "C", "imagem": ""}}, {"model": "simula.questao", "pk": 29, "fields": {"materia": "historia", "dificuldade": "D", "texto": "Consequências da escravidão após 1888.", "alternativa_a": "Ascensão imediata dos negros", "alternativa_b": "Fim do preconceito", "alternativa_c": "Desenvolvimento igualitário", "alternativa_d": "Desigualdade social e racismo estrutural", "alternativa_e": "Igualdade plena", "resposta_correta": "D", "imagem": ""}}, {"model": "simula.questao", "pk": 30, "fields": {"materia": "historia", "dificuldade": "D", "texto": "Papel do Brasil na 2ª Guerra Mundial.", "alternativa_a": "Criou a OTAN", "alternativa_b": "Liderou a ONU", "alternativa_c": "Não participou", "alternativa_d": "Declarou guerra a Portugal", "alternativa_e": "Enviou a Força Expedicionária Brasileira para a Itália", "resposta_correta": "E", "imagem": ""}}, {"model": "simula.questao", "pk": 31, "fields": {"materia": "geografia", "dificuldade": "F", "texto": "Maior país em extensão territorial.", "alternativa_a": "EUA", "alternativa_b": "Brasil", "alternativa_c": "Canadá", "alternativa_d": "China", "alternativa_e": "Rússia", "resposta_correta": "E", "imagem": ""}}, {"model": "simula.questao", "pk": 32, "fields": {"materia": "geografia", "dificuldade": "F", "texto": "Rio mais extenso do Brasil.", "alternativa_a": "Tocantins", "alternativa_b": "Madeira", "alternativa_c": "Paraná", "alternativa_d": "São Francisco", "alternativa_e": "Amazonas", "resposta_correta": "E", "imagem": ""}}, {"model": "simula.questao", "pk": 33, "fields": {"materia": "geografia", "dificuldade": "F", "texto": "O que é latitude?", "alternativa_a": "Altura do relevo", "alternativa_b": "Diferença de fusos horários", "alternativa_c": "Altitude", "alternativa_d": "Distância em graus a leste ou oeste do meridiano", "alternativa_e": "Distância em graus ao norte ou sul da linha do Equador", "resposta_correta": "E", "imagem": ""}}, {"model": "simula.questao", "pk": 34, "fields": {"materia": "geografia", "dificuldade": "M", "texto": "Diferença entre clima e tempo.", "alternativa_a": "Clima = longo prazo, Tempo = momento atual", "alternativa_b": "Clima = dias, Tempo = anos", "alternativa_c": "Clima só existe no inverno", "alternativa_d": "Ambos iguais", "alternativa_e": "Nenhuma", "resposta_correta": "A", "imagem": ""}}, {"model": "simula.questao", "pk": 35, "fields": {"materia": "geografia", "dificuldade": "M", "texto": "O que caracteriza países desenvolvidos?", "alternativa_a": "Alta taxa de mortalidade", "alternativa_b": "Agricultura de subsistência", "alternativa_c": "Baixa tecnologia", "alternativa_d": "Alta industrialização e qualidade de vida", "alternativa_e": "Nenhuma", "resposta_correta": "D", "imagem": ""}}, {"model": "simula.questao", "pk": 36, "fields": {"materia": "geografia", "dificuldade": "M", "texto": "O que é urbanização?", "alternativa_a": "Crescimento da população em áreas urbanas", "alternativa_b": "Desenvolvimento rural", "alternativa_c": "Crescimento agrícola", "alternativa_d": "Crescimento costeiro", "alternativa_e": "Nenhuma", "resposta_correta": "A", "imagem": ""}}, {"model": "simula.questao", "pk": 37, "fields": {"materia": "geografia", "dificuldade": "D", "texto": "Efeito do desmatamento da Amazônia.", "alternativa_a": "Apenas gera madeira", "alternativa_b": "Só causa chuvas locais", "alternativa_c": "Impacta o clima mundial, aumentando o aquecimento global", "alternativa_d": "Não afeta o clima", "alternativa_e": "Nenhuma", "resposta_correta": "C", "imagem": ""}}, {"model": "simula.questao", "pk": 38, "fields": {"materia": "geografia", "dificuldade": "D", "texto": "Importância geopolítica do Oriente Médio.", "alternativa_a": "População reduzida", "alternativa_b": "Agricultura avançada", "alternativa_c": "Minérios abundantes", "alternativa_d": "Grandes reservas de petróleo", "alternativa_e": "Nenhuma", "resposta_correta": "D", "imagem": ""}}, {"model": "simula.questao", "pk": 39, "fields": {"materia": "geografia", "dificuldade": "D", "texto": "Globalização e desigualdade.", "alternativa_a": "Elimina fronteiras", "alternativa_b": "Faz todos ricos", "alternativa_c": "Garante igualdade social", "alternativa_d": "Amplia diferenças econômicas", "alternativa_e": "Nenhuma", "resposta_correta": "D", "imagem": ""}}, {"model": "simula.questao", "pk": 40, "fields": {"materia": "fisica", "dificuldade": "F", "texto": "Fórmula da Velocidade Média:", "alternativa_a": "v = m . a", "alternativa_b": "v = F/m", "alternativa_c": "v = F . d", "alternativa_d": "Nenhuma", "alternativa_e": "v = s/t", "resposta_correta": "E", "imagem": ""}}, {"model": "simula.questao", "pk": 41, "fields": {"materia": "fisica", "dificuldade": "F", "texto": "Carro percorre 100 km em 2 h. Velocidade média?", "alternativa_a": "30 km/h", "alternativa_b": "50 km/h", "alternativa_c": "70 km/h", "alternativa_d": "40 km/h", "alternativa_e": "60 km/h", "resposta_correta": "E", "imagem": ""}}, {"model": "simula.questao", "pk": 42, "fields": {"materia": "fisica", "dificuldade": "F", "texto": "Unidade da força no SI.", "alternativa_a": "Pascal", "alternativa_b": "Watt", "alternativa_c": "Ampere", "alternativa_d": "Joule", "alternativa_e": "Newton", "resposta_correta": "E", "imagem": ""}}, {"model": "simula.questao", "pk": 43, "fields": {"materia": "fisica", "dificuldade": "M", "texto": "Aceleração: de 10 m/s para 30 m/s em 4 s.", "alternativa_a": "5 m/s²", "alternativa_b": "2,5 m/s²", "alternativa_c": "6 m/s²", "alternativa_d": "3 m/s²", "alternativa_e": "4 m/s²", "resposta_correta": "E", "imagem": ""}}, {"model": "simula.questao", "pk": 44, "fields": {"materia": "fisica", "dificuldade": "M", "texto": "Energia cinética x potencial.", "alternativa_a": "Cinética = posição, Potencial = movimento", "alternativa_b": "Ambas são iguais", "alternativa_c": "Potencial não existe", "alternativa_d": "Nenhuma", "alternativa_e": "Cinética = movimento, Potencial = posição", "resposta_correta": "E", "imagem": ""}}, {"model": "simula.questao", "pk": 45, "fields": {"materia": "fisica", "dificuldade": "M", "texto": "Força sobre corpo de 5 kg com aceleração 4 m/s².", "alternativa_a": "25 N", "alternativa_b": "10 N", "alternativa_c": "15 N", "alternativa_d": "20 N", "alternativa_e": "Nenhuma", "resposta_correta": "A", "imagem": ""}}, {"model": "simula.questao", "pk": 46, "fields": {"materia": "fisica", "dificuldade": "D", "texto": "Corpo lançado verticalmente a 20 m/s. Altura máxima? (g=10)", "alternativa_a": "20 m", "alternativa_b": "10 m", "alternativa_c": "50 m", "alternativa_d": "40 m", "alternativa_e": "30 m", "resposta_correta": "D", "imagem": ""}}, {"model": "simula.questao", "pk": 47, "fields": {"materia": "fisica", "dificuldade": "D", "texto": "Princípio da conservação da quantidade de movimento.", "alternativa_a": "Só vale para líquidos", "alternativa_b": "Em sistema isolado, a quantidade de movimento é constante", "alternativa_c": "Não existe", "alternativa_d": "Só vale na Terra", "alternativa_e": "Nenhuma", "resposta_correta": "B", "imagem": ""}}, {"model": "simula.questao", "pk": 48, "fields": {"materia": "fisica", "dificuldade": "D", "texto": "Potência para levantar 200 N a 10 m em 5 s.", "alternativa_a": "500 W", "alternativa_b": "600 W", "alternativa_c": "200 W", "alternativa_d": "300 W", "alternativa_e": "400 W", "resposta_correta": "E", "imagem": ""}}, {"model": "simula.questao", "pk": 49, "fields": {"materia": "quimica", "dificuldade": "F", "texto": "Símbolo do Oxigênio.", "alternativa_a": "Na", "alternativa_b": "H", "alternativa_c": "N", "alternativa_d": "C", "alternativa_e": "O", "resposta_correta": "E", "imagem": ""}}, {"model": "simula.questao", "pk": 50, "fields": {"materia": "quimica", "dificuldade": "F", "texto": "O que é átomo?", "alternativa_a": "Molécula", "alternativa_b": "Íon", "alternativa_c": "Elétron", "alternativa_d": "Partícula fundamental da matéria", "alternativa_e": "Nenhuma", "resposta_correta": "D", "imagem": ""}}, {"model": "simula.questao", "pk": 51, "fields": {"materia": "quimica", "dificuldade": "F", "texto": "Fórmula da água.", "alternativa_a": "O₂", "alternativa_b": "H₂O", "alternativa_c": "HO", "alternativa_d": "OH", "alternativa_e": "H₂", "resposta_correta": "B", "imagem": ""}}, {"model": "simula.questao", "pk": 52, "fields": {"materia": "quimica", "dificuldade": "M", "texto": "Diferença entre ligação iônica e covalente.", "alternativa_a": "Ambas iguais", "alternativa_b": "Iônica só em gases", "alternativa_c": "Covalente só em metais", "alternativa_d": "Nenhuma", "alternativa_e": "Iônica = transferência, Covalente = compartilhamento", "resposta_correta": "E", "imagem": ""}}, {"model": "simula.questao", "pk": 53, "fields": {"materia": "quimica", "dificuldade": "M", "texto": "Número atômico do Carbono.", "alternativa_a": "4", "alternativa_b": "7", "alternativa_c": "8", "alternativa_d": "6", "alternativa_e": "5", "resposta_correta": "D", "imagem": ""}}, {"model": "simula.questao", "pk": 54, "fields": {"materia": "quimica", "dificuldade": "M", "texto": "Balanceie: H₂ + O₂ → H₂O.", "alternativa_a": "H₂ + O₂ → H₂O₂", "alternativa_b": "Nenhuma", "alternativa_c": "H₂ + 2O₂ → H₂O", "alternativa_d": "H₂ + O₂ → H₂O", "alternativa_e": "2H₂ + O₂ → 2H₂O", "resposta_correta": "E", "imagem": ""}}, {"model": "simula.questao", "pk": 55, "fields": {"materia": "quimica", "dificuldade": "D", "texto": "O que é oxirredução?", "alternativa_a": "Reação de combustão", "alternativa_b": "Reação sem elétrons", "alternativa_c": "Reação de neutralização", "alternativa_d": "Reação com transferência de elétrons", "alternativa_e": "Nenhuma", "resposta_correta": "D", "imagem": ""}}, {"model": "simula.questao", "pk": 56, "fields": {"materia": "quimica", "dificuldade": "D", "texto": "Massa molar do H₂SO₄.", "alternativa_a": "100 g/mol", "alternativa_b": "98 g/mol", "alternativa_c": "94 g/mol", "alternativa_d": "92 g/mol", "alternativa_e": "96 g/mol", "resposta_correta": "B", "imagem": ""}}, {"model": "simula.questao", "pk": 57, "fields": {"materia": "quimica", "dificuldade": "D", "texto": "Diferença de pH ácido, básico e neutro.", "alternativa_a": "Todos = 7", "alternativa_b": "Ácido > 7", "alternativa_c": "Básico < 7", "alternativa_d": "Ácido < 7, Neutro = 7, Básico > 7", "alternativa_e": "Nenhuma", "resposta_correta": "D", "imagem": ""}}, {"model": "simula.questao", "pk": 58, "fields": {"materia": "biologia", "dificuldade": "F", "texto": "Molécula que carrega informação genética.", "alternativa_a": "RNA", "alternativa_b": "Proteína", "alternativa_c": "Lipídio", "alternativa_d": "Glicose", "alternativa_e": "DNA", "resposta_correta": "E", "imagem": ""}}, {"model": "simula.questao", "pk": 59, "fields": {"materia": "biologia", "dificuldade": "F", "texto": "O que é célula?", "alternativa_a": "Unidade fundamental da vida", "alternativa_b": "Molécula", "alternativa_c": "Órgão", "alternativa_d": "Tecido", "alternativa_e": "Nenhuma", "resposta_correta": "A", "imagem": ""}}, {"model": "simula.questao", "pk": 60, "fields": {"materia": "biologia", "dificuldade": "F", "texto": "Função da clorofila.", "alternativa_a": "Produzir energia química", "alternativa_b": "Sintetizar proteínas", "alternativa_c": "Realizar fotossíntese", "alternativa_d": "Armazenar glicose", "alternativa_e": "Nenhuma", "resposta_correta": "C", "imagem": ""}}, {"model": "simula.questao", "pk": 61, "fields": {"materia": "biologia", "dificuldade": "M", "texto": "Diferença respiração aeróbica x anaeróbica.", "alternativa_a": "Ambas usam O₂", "alternativa_b": "Aeróbica usa O₂, Anaeróbica não", "alternativa_c": "Anaeróbica usa O₂, Aeróbica não", "alternativa_d": "Todas iguais", "alternativa_e": "Nenhuma", "resposta_correta": "B", "imagem": ""}}, {"model": "simula.questao", "pk": 62, "fields": {"materia": "biologia", "dificuldade": "M", "texto": "O que é mutação genética?", "alternativa_a": "Reprodução", "alternativa_b": "Alteração no material genético", "alternativa_c": "Divisão celular", "alternativa_d": "Síntese proteica", "alternativa_e": "Nenhuma", "resposta_correta": "B", "imagem": ""}}, {"model": "simula.questao", "pk": 63, "fields": {"materia": "biologia", "dificuldade": "M", "texto": "Função dos ribossomos.", "alternativa_a": "Transporte de nutrientes", "alternativa_b": "Fotossíntese", "alternativa_c": "Respiração celular", "alternativa_d": "Armazenamento", "alternativa_e": "Síntese de proteínas", "resposta_correta": "E", "imagem": ""}}, {"model": "simula.questao", "pk": 64, "fields": {"materia": "biologia", "dificuldade": "D", "texto": "Processo de mitose.", "alternativa_a": "Não existe fases", "alternativa_b": "Só ocorre em bactérias", "alternativa_c": "2 fases", "alternativa_d": "4 fases: prófase, metáfase, anáfase, telófase", "alternativa_e": "Nenhuma", "resposta_correta": "D", "imagem": ""}}, {"model": "simula.questao", "pk": 65, "fields": {"materia": "biologia", "dificuldade": "D", "texto": "Relação DNA, RNA e proteínas.", "alternativa_a": "RNA não tem relação", "alternativa_b": "DNA → RNA → Proteínas", "alternativa_c": "RNA → DNA", "alternativa_d": "Proteínas produzem RNA", "alternativa_e": "Nenhuma", "resposta_correta": "B", "imagem": ""}}, {"model": "simula.questao", "pk": 66, "fields": {"materia": "biologia", "dificuldade": "D", "texto": "Seleção natural na evolução.", "alternativa_a": "Nenhuma espécie sobrevive", "alternativa_b": "Todas sobrevivem igualmente", "alternativa_c": "Só funciona em plantas", "alternativa_d": "Depende do acaso", "alternativa_e": "Espécies mais adaptadas sobrevivem", "resposta_correta": "E", "imagem": ""}}, {"model": "simula.simulado", "pk": 1, "fields": {"usuario": 1, "data_criacao": "2025-08-15T17:46:10.499Z", "pontuacao_final": null, "tempo_levado": null, "tipo": "PERSONALIZADO", "questoes": []}}, {"model": "simula.simulado", "pk": 2, "fields": {"usuario": 1, "data_criacao": "2025-08-15T17:49:41.034Z", "pontuacao_final": null, "tempo_levado": null, "tipo": "PERSONALIZADO", "questoes": []}}, {"model": "simula.simulado", "pk": 3, "fields": {"usuario": 1, "data_criacao": "2025-08-15T18:02:16.527Z", "pontuacao_final": null, "tempo_levado": null, "tipo": "PERSONALIZADO", "questoes": []}}, {"model": "simula.simulado", "pk": 4, "fields": {"usuario": 1, "data_criacao": "2025-08-15T18:04:30.085Z", "pontuacao_final": null, "tempo_levado": null, "tipo": "PERSONALIZADO", "questoes": []}}, {"model": "simula.simulado", "pk": 5, "fields": {"usuario": 1, "data_criacao": "2025-08-15T18:08:59.223Z", "pontuacao_final": null, "tempo_levado": null, "tipo": "PERSONALIZADO", "questoes": []}}, {"model": "simula.simulado", "pk": 6, "fields": {"usuario": 1, "data_criacao": "2025-08-15T18:15:43.114Z", "pontuacao_final": null, "tempo_levado": null, "tipo": "PERSONALIZADO", "questoes": []}}, {"model": "simula.simulado", "pk": 7, "fields": {"usuario": 1, "data_criacao": "2025-08-15T18:20:46.882Z", "pontuacao_final": null, "tempo_levado": null, "tipo": "PERSONALIZADO", "questoes": []}}, {"model": "simula.simulado", "pk": 8, "fields": {"usuario": 1, "data_criacao": "2025-08-15T21:35:38.630Z", "pontuacao_final": null, "tempo_levado": null, "tipo": "PERSONALIZADO", "questoes": []}}, {"model": "simula.simulado", "pk": 9, "fields": {"usuario": 1, "data_criacao": "2025-08-15T21:35:45.995Z", "pontuacao_final": null, "tempo_levado": null, "tipo": "PERSONALIZADO", "questoes": []}}, {"model": "simula.simulado", "pk": 10, "fields": {"usuario": 1, "data_criacao": "2025-08-15T21:35:54.055Z", "pontuacao_final": null, "tempo_levado": null, "tipo": "PERSONALIZADO", "questoes": []}}, {"model": "simula.simulado", "pk": 11, "fields": {"usuario": 1, "data_criacao": "2025-08-15T21:36:43.849Z", "pontuacao_final": null, "tempo_levado": null, "tipo": "PERSONALIZADO", "questoes": []}}, {"model": "simula.simulado", "pk": 12, "fields": {"usuario": 6, "data_criacao": "2025-08-15T21:58:19.832Z", "pontuacao_final": null, "tempo_levado": null, "tipo": "PERSONALIZADO", "questoes": []}}, {"model": "simula.simulado", "pk": 13, "fields": {"usuario": 6, "data_criacao": "2025-08-17T00:56:19.654Z", "pontuacao_final": null, "tempo_levado": null, "tipo": "PERSONALIZADO", "questoes": []}}, {"model": "simula.simulado", "pk": 14, "fields": {"usuario": 6, "data_criacao": "2025-08-17T01:35:35.574Z", "pontuacao_final": null, "tempo_levado": null, "tipo": "PERSONALIZADO", "questoes": []}}, {"model": "simula.simulado", "pk": 15, "fields": {"usuario": 6, "data_criacao": "2025-08-17T01:35:44.502Z", "pontuacao_final": null, "tempo_levado": null, "tipo": "PERSONALIZADO", "questoes": []}}, {"model": "simula.simulado", "pk": 16, "fields": {"usuario": 6, "data_criacao": "2025-08-17T01:35:52.440Z", "pontuacao_final": null, "tempo_levado": null, "tipo": "PERSONALIZADO", "questoes": []}}, {"model": "simula.simulado", "pk": 17, "fields": {"usuario": 6, "data_criacao": "2025-08-17T02:19:23.114Z", "pontuacao_final": null, "tempo_levado": null, "tipo": "PERSONALIZADO", "questoes": []}}, {"model": "simula.simulado", "pk": 18, "fields": {"usuario": 6, "data_criacao": "2025-08-17T02:19:51.076Z", "pontuacao_final": null, "tempo_levado": null, "tipo": "PERSONALIZADO", "questoes": []}}, {"model": "simula.simulado", "pk": 19, "fields": {"usuario": 6, "data_criacao": "2025-08-17T02:20:35.300Z", "pontuacao_final": null, "tempo_levado": null, "tipo": "PERSONALIZADO", "questoes": []}}, {"model": "simula.simulado", "pk": 20, "fields": {"usuario": 6, "data_criacao": "2025-08-17T02:51:17.143Z", "pontuacao_final": null, "tempo_levado": null, "tipo": "PERSONALIZADO", "questoes": []}}, {"model": "simula.simulado", "pk": 21, "fields": {"usuario": 6, "data_criacao": "2025-08-17T03:53:21.783Z", "pontuacao_final": null, "tempo_levado": null, "tipo": "PERSONALIZADO", "questoes": [4, 32]}}, {"model": "simula.simulado", "pk": 22, "fields": {"usuario": 6, "data_criacao": "2025-08-17T03:53:45.289Z", "pontuacao_final": null, "tempo_levado": null, "tipo": "PERSONALIZADO", "questoes": [4, 8, 17, 20, 23, 30, 35, 36, 42, 47, 54, 57, 61, 64]}}, {"model": "simula.simulado", "pk": 23, "fields": {"usuario": 6, "data_criacao": "2025-08-17T03:53:53.753Z", "pontuacao_final": null, "tempo_levado": null, "tipo": "PERSONALIZADO", "questoes": [24, 58, 60]}}, {"model": "simula.simulado", "pk": 24, "fields": {"usuario": 6, "data_criacao": "2025-08-17T03:55:06.626Z", "pontuacao_final": null, "tempo_levado": null, "tipo": "PERSONALIZADO", "questoes": [23, 24, 58, 59, 60]}}, {"model": "simula.simulado", "pk": 25, "fields": {"usuario": 6, "data_criacao": "2025-08-17T16:32:37.055Z", "pontuacao_final": null, "tempo_levado": null, "tipo": "PERSONALIZADO", "questoes": [11, 12, 13, 18, 25, 30, 33, 36, 43, 44, 49, 57, 59, 64]}}, {"model": "simula.simulado", "pk": 26, "fields": {"usuario": 6, "data_criacao": "2025-08-17T16:33:01.848Z", "pontuacao_final": null, "tempo_levado": null, "tipo": "PERSONALIZADO", "questoes": [5]}}, {"model": "simula.simulado", "pk": 27, "fields": {"usuario": 6, "data_criacao": "2025-08-17T16:47:10.887Z", "pontuacao_final": null, "tempo_levado": null, "tipo": "PERSONALIZADO", "questoes": [26]}}, {"model": "simula.simulado", "pk": 28, "fields": {"usuario": 6, "data_criacao": "2025-08-17T16:47:40.334Z", "pontuacao_final": null, "tempo_levado": null, "tipo": "PERSONALIZADO", "questoes": [24]}}, {"model": "simula.simulado", "pk": 29, "fields": {"usuario": 6, "data_criacao": "2025-08-17T16:50:57.067Z", "pontuacao_final": null, "tempo_levado": null, "tipo": "PERSONALIZADO", "questoes": [4]}}, {"model": "simula.simulado", "pk": 30, "fields": {"usuario": 6, "data_criacao": "2025-08-17T17:03:51.036Z", "pontuacao_final": null, "tempo_levado": null, "tipo": "PERSONALIZADO", "questoes": [4, 5]}}, {"model": "simula.simulado", "pk": 31, "fields": {"usuario": 6, "data_criacao": "2025-08-17T17:04:06.512Z", "pontuacao_final": null, "tempo_levado": null, "tipo": "PERSONALIZADO", "questoes": [4]}}, {"model": "simula.simulado", "pk": 32, "fields": {"usuario": 6, "data_criacao": "2025-08-17T17:06:42.058Z", "pontuacao_final": null, "tempo_levado": null, "tipo": "PERSONALIZADO", "questoes": [4, 6]}}, {"model": "simula.simulado", "pk": 33, "fields": {"usuario": 6, "data_criacao": "2025-08-17T17:12:35.781Z", "pontuacao_final": 0, "tempo_levado": 7, "tipo": "PERSONALIZADO", "questoes": [5, 6]}}, {"model": "simula.simulado", "pk": 34, "fields": {"usuario": 6, "data_criacao": "2025-08-17T17:12:52.520Z", "pontuacao_final": 0, "tempo_levado": 2, "tipo": "PERSONALIZADO", "questoes": [4]}}, {"model": "simula.simulado", "pk": 35, "fields": {"usuario": 6, "data_criacao": "2025-08-17T17:19:41.544Z", "pontuacao_final": 1, "tempo_levado": 3, "tipo": "PERSONALIZADO", "questoes": [42]}}, {"model": "simula.simulado", "pk": 36, "fields": {"usuario": 6, "data_criacao": "2025-08-17T17:25:22.482Z", "pontuacao_final": 0, "tempo_levado": 1, "tipo": "PERSONALIZADO", "questoes": [5]}}, {"model": "simula.simulado", "pk": 37, "fields": {"usuario": 6, "data_criacao": "2025-08-17T17:50:35.361Z", "pontuacao_final": null, "tempo_levado": null, "tipo": "PERSONALIZADO", "questoes": [9]}}, {"model": "simula.simulado", "pk": 38, "fields": {"usuario": 6, "data_criacao": "2025-08-17T18:12:24.907Z", "pontuacao_final": 0, "tempo_levado": 9, "tipo": "PERSONALIZADO", "questoes": [8, 9, 7]}}, {"model": "simula.simulado", "pk": 39, "fields": {"usuario": 6, "data_criacao": "2025-08-17T18:23:54.627Z", "pontuacao_final": 0, "tempo_levado": 24, "tipo": "PERSONALIZADO", "questoes": [5, 6]}}, {"model": "simula.simulado", "pk": 40, "fields": {"usuario": 6, "data_criacao": "2025-08-17T18:25:22.513Z", "pontuacao_final": 0, "tempo_levado": 70, "tipo": "PERSONALIZADO", "questoes": [6]}}, {"model": "simula.simulado", "pk": 41, "fields": {"usuario": 6, "data_criacao": "2025-08-17T18:26:46.846Z", "pontuacao_final": 0, "tempo_levado": 38, "tipo": "PERSONALIZADO", "questoes": [7]}}, {"model": "simula.simulado", "pk": 42, "fields": {"usuario": 6, "data_criacao": "2025-08-17T18:27:42.535Z", "pontuacao_final": 0, "tempo_levado": 30, "tipo": "PERSONALIZADO", "questoes": [4]}}, {"model": "simula.simulado", "pk": 43, "fields": {"usuario": 6, "data_criacao": "2025-08-17T18:35:19.834Z", "pontuacao_final": null, "tempo_levado": null, "tipo": "PERSONALIZADO", "questoes": [5]}}, {"model": "simula.simulado", "pk": 44, "fields": {"usuario": 6, "data_criacao": "2025-08-17T18:35:59.168Z", "pontuacao_final": null, "tempo_levado": null, "tipo": "PERSONALIZADO", "questoes": [6]}}, {"model": "simula.simulado", "pk": 45, "fields": {"usuario": 6, "data_criacao": "2025-08-17T18:41:45.963Z", "pontuacao_final": 0, "tempo_levado": 45, "tipo": "PERSONALIZADO", "questoes": [4]}}, {"model": "simula.simulado", "pk": 46, "fields": {"usuario": 6, "data_criacao": "2025-08-17T18:56:07.159Z", "pontuacao_final": 0, "tempo_levado": 3, "tipo": "PERSONALIZADO", "questoes": [42]}}, {"model": "simula.simulado", "pk": 47, "fields": {"usuario": 6, "data_criacao": "2025-08-17T18:57:16.206Z", "pontuacao_final": 0, "tempo_levado": 1, "tipo": "PERSONALIZADO", "questoes": [4]}}, {"model": "simula.simulado", "pk": 48, "fields": {"usuario": 6, "data_criacao": "2025-08-18T18:33:55.816Z", "pontuacao_final": 1, "tempo_levado": 2, "tipo": "PERSONALIZADO", "questoes": [63]}}, {"model": "simula.simulado", "pk": 49, "fields": {"usuario": 6, "data_criacao": "2025-08-18T19:58:38.837Z", "pontuacao_final": 2, "tempo_levado": 14, "tipo": "ENEM", "questoes": [32, 33, 9, 41, 11, 13, 47, 19, 51, 22, 54, 24, 60, 62]}}, {"model": "simula.resposta", "pk": 31, "fields": {"simulado": 21, "questao": 4, "resposta_usuario": "C", "correta": true}}, {"model": "simula.resposta", "pk": 32, "fields": {"simulado": 21, "questao": 32, "resposta_usuario": "E", "correta": true}}, {"model": "simula.resposta", "pk": 33, "fields": {"simulado": 23, "questao": 24, "resposta_usuario": "A", "correta": false}}, {"model": "simula.resposta", "pk": 34, "fields": {"simulado": 23, "questao": 58, "resposta_usuario": "C", "correta": false}}, {"model": "simula.resposta", "pk": 35, "fields": {"simulado": 23, "questao": 60, "resposta_usuario": "D", "correta": false}}, {"model": "simula.resposta", "pk": 36, "fields": {"simulado": 24, "questao": 23, "resposta_usuario": "B", "correta": false}}, {"model": "simula.resposta", "pk": 37, "fields": {"simulado": 24, "questao": 24, "resposta_usuario": "C", "correta": false}}, {"model": "simula.resposta", "pk": 38, "fields": {"simulado": 24, "questao": 58, "resposta_usuario": "E", "correta": true}}, {"model": "simula.resposta", "pk": 39, "fields": {"simulado": 24, "questao": 59, "resposta_usuario": "A", "correta": true}}, {"model": "simula.resposta", "pk": 40, "fields": {"simulado": 24, "questao": 60, "resposta_usuario": "D", "correta": false}}, {"model": "simula.resposta", "pk": 41, "fields": {"simulado": 25, "questao": 11, "resposta_usuario": "C", "correta": true}}, {"model": "simula.resposta", "pk": 42, "fields": {"simulado": 25, "questao": 12, "resposta_usuario": "E", "correta": false}}, {"model": "simula.resposta", "pk": 43, "fields": {"simulado": 25, "questao": 13, "resposta_usuario": "C", "correta": true}}, {"model": "simula.resposta", "pk": 44, "fields": {"simulado": 25, "questao": 18, "resposta_usuario": "D", "correta": false}}, {"model": "simula.resposta", "pk": 45, "fields": {"simulado": 25, "questao": 25, "resposta_usuario": "E", "correta": false}}, {"model": "simula.resposta", "pk": 46, "fields": {"simulado": 25, "questao": 30, "resposta_usuario": "B", "correta": false}}, {"model": "simula.resposta", "pk": 47, "fields": {"simulado": 25, "questao": 33, "resposta_usuario": "D", "correta": false}}, {"model": "simula.resposta", "pk": 48, "fields": {"simulado": 25, "questao": 36, "resposta_usuario": "E", "correta": false}}, {"model": "simula.resposta", "pk": 49, "fields": {"simulado": 25, "questao": 43, "resposta_usuario": "C", "correta": false}}, {"model": "simula.resposta", "pk": 50, "fields": {"simulado": 25, "questao": 44, "resposta_usuario": "C", "correta": false}}, {"model": "simula.resposta", "pk": 51, "fields": {"simulado": 25, "questao": 49, "resposta_usuario": "E", "correta": true}}, {"model": "simula.resposta", "pk": 52, "fields": {"simulado": 25, "questao": 57, "resposta_usuario": "B", "correta": false}}, {"model": "simula.resposta", "pk": 53, "fields": {"simulado": 25, "questao": 59, "resposta_usuario": "A", "correta": true}}, {"model": "simula.resposta", "pk": 54, "fields": {"simulado": 25, "questao": 64, "resposta_usuario": "D", "correta": true}}, {"model": "simula.resposta", "pk": 55, "fields": {"simulado": 26, "questao": 5, "resposta_usuario": "A", "correta": false}}, {"model": "simula.resposta", "pk": 56, "fields": {"simulado": 27, "questao": 26, "resposta_usuario": "C", "correta": false}}, {"model": "simula.resposta", "pk": 57, "fields": {"simulado": 28, "questao": 24, "resposta_usuario": "E", "correta": true}}, {"model": "simula.resposta", "pk": 58, "fields": {"simulado": 29, "questao": 4, "resposta_usuario": "C", "correta": true}}, {"model": "simula.resposta", "pk": 59, "fields": {"simulado": 32, "questao": 4, "resposta_usuario": "C", "correta": true}}, {"model": "simula.resposta", "pk": 60, "fields": {"simulado": 32, "questao": 6, "resposta_usuario": "B", "correta": true}}, {"model": "simula.resposta", "pk": 61, "fields": {"simulado": 33, "questao": 5, "resposta_usuario": "C", "correta": false}}, {"model": "simula.resposta", "pk": 62, "fields": {"simulado": 33, "questao": 6, "resposta_usuario": "A", "correta": false}}, {"model": "simula.resposta", "pk": 63, "fields": {"simulado": 34, "questao": 4, "resposta_usuario": "D", "correta": false}}, {"model": "simula.resposta", "pk": 64, "fields": {"simulado": 35, "questao": 42, "resposta_usuario": "E", "correta": true}}, {"model": "simula.resposta", "pk": 65, "fields": {"simulado": 36, "questao": 5, "resposta_usuario": "E", "correta": false}}, {"model": "simula.resposta", "pk": 66, "fields": {"simulado": 38, "questao": 8, "resposta_usuario": "E", "correta": false}}, {"model": "simula.resposta", "pk": 67, "fields": {"simulado": 38, "questao": 9, "resposta_usuario": "D", "correta": false}}, {"model": "simula.resposta", "pk": 68, "fields": {"simulado": 38, "questao": 7, "resposta_usuario": "A", "correta": false}}, {"model": "simula.resposta", "pk": 69, "fields": {"simulado": 39, "questao": 5, "resposta_usuario": "A", "correta": false}}, {"model": "simula.resposta", "pk": 70, "fields": {"simulado": 39, "questao": 6, "resposta_usuario": "E", "correta": false}}, {"model": "simula.resposta", "pk": 71, "fields": {"simulado": 40, "questao": 6, "resposta_usuario": "D", "correta": false}}, {"model": "simula.resposta", "pk": 72, "fields": {"simulado": 41, "questao": 7, "resposta_usuario": "A", "correta": false}}, {"model": "simula.resposta", "pk": 73, "fields": {"simulado": 42, "questao": 4, "resposta_usuario": "D", "correta": false}}, {"model": "simula.resposta", "pk": 74, "fields": {"simulado": 43, "questao": 5, "resposta_usuario": "C", "correta": false}}, {"model": "simula.resposta", "pk": 75, "fields": {"simulado": 44, "questao": 6, "resposta_usuario": "C", "correta": false}}, {"model": "simula.resposta", "pk": 76, "fields": {"simulado": 45, "questao": 4, "resposta_usuario": "B", "correta": false}}, {"model": "simula.resposta", "pk": 77, "fields": {"simulado": 46, "questao": 42, "resposta_usuario": "B", "correta": false}}, {"model": "simula.resposta", "pk": 78, "fields": {"simulado": 47, "questao": 4, "resposta_usuario": "E", "correta": false}}, {"model": "simula.resposta", "pk": 79, "fields": {"simulado": 48, "questao": 63, "resposta_usuario": "E", "correta": true}}, {"model": "simula.resposta", "pk": 80, "fields": {"simulado": 49, "questao": 9, "resposta_usuario": "A", "correta": false}}, {"model": "simula.resposta", "pk": 81, "fields": {"simulado": 49, "questao": 11, "resposta_usuario": "C", "correta": true}}, {"model": "simula.resposta", "pk": 82, "fields": {"simulado": 49, "questao": 13, "resposta_usuario": "C", "correta": true}}, {"model": "simula.resposta", "pk": 83, "fields": {"simulado": 49, "questao": 19, "resposta_usuario": "B", "correta": false}}, {"model": "simula.resposta", "pk": 84, "fields": {"simulado": 49, "questao": 22, "resposta_usuario": "A", "correta": false}}, {"model": "simula.resposta", "pk": 85, "fields": {"simulado": 49, "questao": 24, "resposta_usuario": "B", "correta": false}}, {"model": "simula.resposta", "pk": 86, "fields": {"simulado": 49, "questao": 32, "resposta_usuario": "C", "correta": false}}, {"model": "simula.resposta", "pk": 87, "fields": {"simulado": 49, "questao": 33, "resposta_usuario": "B", "correta": false}}, {"model": "simula.resposta", "pk": 88, "fields": {"simulado": 49, "questao": 41, "resposta_usuario": "D", "correta": false}}, {"model": "simula.resposta", "pk": 89, "fields": {"simulado": 49, "questao": 47, "resposta_usuario": "A", "correta": false}}, {"model": "simula.resposta", "pk": 90, "fields": {"simulado": 49, "questao": 51, "resposta_usuario": "E", "correta": false}}, {"model": "simula.resposta", "pk": 91, "fields": {"simulado": 49, "questao": 54, "resposta_usuario": "B", "correta": false}}, {"model": "simula.resposta", "pk": 92, "fields": {"simulado": 49, "questao": 60, "resposta_usuario": "A", "correta": false}}, {"model": "simula.resposta", "pk": 93, "fields": {"simulado": 49, "questao": 62, "resposta_usuario": "D", "correta": false}}]